{"cameraMode":{"drawMode":0,"name":"Shaded","section":"Shading Mode"},"sceneLighting":false,"audioPlay":false,"sceneViewState":{"showFog":true,"showMaterialUpdate":false,"showSkybox":false,"showFlares":true,"showImageEffects":true,"showParticleSystems":true},"in2DMode":false,"pivot":{"x":-3.380000114440918,"y":6.360000133514404,"z":0.0},"rotation":{"x":0.05833948403596878,"y":-0.06583928316831589,"z":0.0038559185341000559,"w":0.9961163997650147},"size":0.5621340870857239,"orthographic":true}