{"cameraMode":{"drawMode":0,"name":"Shaded","section":"Shading Mode"},"sceneLighting":false,"audioPlay":false,"sceneViewState":{"showFog":true,"showMaterialUpdate":false,"showSkybox":false,"showFlares":true,"showImageEffects":true,"showParticleSystems":true},"in2DMode":false,"pivot":{"x":-1.3129229545593262,"y":7.790905952453613,"z":-1.0877809524536133},"rotation":{"x":0.05833948403596878,"y":-0.06583928316831589,"z":0.0038559185341000559,"w":0.9961163997650147},"size":0.6070396900177002,"orthographic":true}