{"cameraMode":{"drawMode":0,"name":"Shaded","section":"Shading Mode"},"sceneLighting":true,"audioPlay":false,"sceneViewState":{"showFog":true,"showMaterialUpdate":false,"showSkybox":true,"showFlares":true,"showImageEffects":true,"showParticleSystems":true},"in2DMode":false,"pivot":{"x":-0.7522306442260742,"y":2.77297306060791,"z":11.04191780090332},"rotation":{"x":-0.0563482865691185,"y":0.032036591321229938,"z":0.0018064109608530999,"w":0.9978970885276794},"size":7.071067810058594,"orthographic":true}