{"cameraMode":{"drawMode":0,"name":"Shaded","section":"Shading Mode"},"sceneLighting":false,"audioPlay":false,"sceneViewState":{"showFog":true,"showMaterialUpdate":false,"showSkybox":false,"showFlares":true,"showImageEffects":true,"showParticleSystems":true},"in2DMode":false,"pivot":{"x":0.33686062693595889,"y":-1.4586197137832642,"z":-0.49660834670066836},"rotation":{"x":-0.13040506839752198,"y":-0.8146684765815735,"z":0.5280507802963257,"w":-0.20119239389896394},"size":1.1971681118011475,"orthographic":false}