{"cameraMode":{"drawMode":0,"name":"Shaded","section":"Shading Mode"},"sceneLighting":true,"audioPlay":false,"sceneViewState":{"showFog":true,"showMaterialUpdate":false,"showSkybox":true,"showFlares":true,"showImageEffects":true,"showParticleSystems":true},"in2DMode":false,"pivot":{"x":98.76254272460938,"y":-24.477691650390626,"z":439.3139953613281},"rotation":{"x":0.1313001960515976,"y":0.008608452044427395,"z":-0.0011375097092241049,"w":0.9913095235824585},"size":264.73260498046877,"orthographic":true}