{"cameraMode":{"drawMode":0,"name":"Shaded","section":"Shading Mode"},"sceneLighting":true,"audioPlay":false,"sceneViewState":{"showFog":true,"showMaterialUpdate":false,"showSkybox":true,"showFlares":true,"showImageEffects":true,"showParticleSystems":true},"in2DMode":false,"pivot":{"x":1.585412859916687,"y":6.121861457824707,"z":-7.65301513671875},"rotation":{"x":-0.008991213515400887,"y":-0.043484486639499667,"z":-0.0003914482658728957,"w":0.9990139007568359},"size":3.66044020652771,"orthographic":true}