{"cameraMode":{"drawMode":0,"name":"Shaded","section":"Shading Mode"},"sceneLighting":true,"audioPlay":false,"sceneViewState":{"showFog":true,"showMaterialUpdate":false,"showSkybox":true,"showFlares":true,"showImageEffects":true,"showParticleSystems":true},"in2DMode":false,"pivot":{"x":314.8145751953125,"y":168.61839294433595,"z":-111.73596954345703},"rotation":{"x":0.04230103641748428,"y":0.008719244971871376,"z":0.00036228218232281506,"w":-0.999072790145874},"size":15.81138801574707,"orthographic":false}