{"cameraMode":{"drawMode":0,"name":"Shaded","section":"Shading Mode"},"sceneLighting":false,"audioPlay":false,"sceneViewState":{"showFog":true,"showMaterialUpdate":false,"showSkybox":false,"showFlares":true,"showImageEffects":true,"showParticleSystems":true},"in2DMode":false,"pivot":{"x":0.44598644971847536,"y":0.8714814782142639,"z":1.2044703960418702},"rotation":{"x":0.007433993276208639,"y":-0.9797624945640564,"z":0.1965685933828354,"w":0.03704838082194328},"size":0.002831892343237996,"orthographic":false}