{"cameraMode":{"drawMode":0,"name":"Shaded","section":"Shading Mode"},"sceneLighting":false,"audioPlay":false,"sceneViewState":{"showFog":true,"showMaterialUpdate":false,"showSkybox":false,"showFlares":true,"showImageEffects":true,"showParticleSystems":true},"in2DMode":false,"pivot":{"x":2.9294323921203615,"y":5.988867282867432,"z":-1.1395387649536133},"rotation":{"x":0.05833948403596878,"y":-0.06583928316831589,"z":0.0038559185341000559,"w":0.9961163997650147},"size":1.018431544303894,"orthographic":true}