{"cameraMode":{"drawMode":0,"name":"Shaded","section":"Shading Mode"},"sceneLighting":false,"audioPlay":false,"sceneViewState":{"showFog":true,"showMaterialUpdate":false,"showSkybox":false,"showFlares":true,"showImageEffects":true,"showParticleSystems":true},"in2DMode":false,"pivot":{"x":1.0579973459243775,"y":8.35563850402832,"z":-3.4388535022735597},"rotation":{"x":0.32000210881233218,"y":-0.19284723699092866,"z":0.06670206040143967,"w":0.9251813888549805},"size":0.037981629371643069,"orthographic":false}